Y,X,Sampling year,Reference,Study,Time,PO4 mg/l,PO4_sd,NO2 mg/l,NO2_sd,COD mg/l,COD_sd,BOD mg/l,BOD_sd,DO mg/l,DO_sd,pH,pH_sd,TDS mg/l,TDS_sd,Temp,Temp_sd,TKN,TKN_sd,NO3-N,NO3_sd,EC,EC_sd,NO3 mg/l,Na mg/l,K mg/l,Ca mg/l,Mg mg/l,HCO3 mg/l,Cl mg/l,SO4 mg/l,SiO2 mg/l,Cr µg/l,Cr_sd,Mn  µg/l,Mn_sd,Ni  µg/l,Ni_sd,Zn µg/l,Zn_sd,As µg/l,Pb  µg/l,Pb_sd,Cd  µg/l,Cd_sd,Co  µg/l,Co_sd,Cu  µg/l,Cu_sd,NH3 mg/l,Cd mg/kg,Cd_sd mg/kg,Cr mg/kg,Cr_sd mg/kg,Cu mg/kg,Cu_sd mg/kg,Fe mg/kg,Fe_sd mg/kg,Pb mg/kg,Pb_mg/kg,Mn mg/kg,Mn_sd mg/kg,Ni mg/kg,Ni_sd mg/kg,Zn mg/kg,Zn_sd mg/kg
38.720744,9.0509517,2020,An_M01,Angello2020,Yearly,5.5,1.3,0.06,0.02,1146,106,101.2,80.9,1.53,0.3,7.2,0.08,502,74,12.8,0.5,28.2,4.8,0.35,0.09,1022,133,,,,,,,,,,,,,,,,,,,,,,,,,,,,,,,,,,,,,,,,,,,
38.7177679,9.0419605,2020,An_M02,Angello2020,Yearly,4.5,0.03,0.07,0.03,912,308,110.8,30.5,3.2,0.44,7.2,0.02,440.8,39.5,12.9,0.4,40.8,6.2,0.23,0.17,899.8,56,,,,,,,,,,,,,,,,,,,,,,,,,,,,,,,,,,,,,,,,,,,
38.7277552,9.0140997,2020,An_M03,Angello2020,Yearly,3.02,2,0.08,0.004,1477,250,582.3,10.3,0.25,0.02,5.6,0.5,699.75,93,18.7,0.22,61.6,16.4,0.74,0.5,1415,203,,,,,,,,,,,,,,,,,,,,,,,,,,,,,,,,,,,,,,,,,,,
38.7382866,8.9977386,2020,An_M04,Angello2020,Yearly,5.2,0.23,0.11,0.01,1936,357,316.4,98.1,0.12,0.01,7.2,0.07,638.2,52.4,19.8,0.06,42.2,3.9,0.92,0.23,1293.3,85.7,,,,,,,,,,,,,,,,,,,,,,,,,,,,,,,,,,,,,,,,,,,
38.7468525,8.9879809,2020,An_M05,Angello2020,Yearly,7.8,1.62,0.11,0.02,1442,355,389.2,35.9,0.11,0.01,7.2,0.2,724.2,38.8,19.7,0.08,44.6,2.4,0.72,0.22,1464,42.5,,,,,,,,,,,,,,,,,,,,,,,,,,,,,,,,,,,,,,,,,,,
38.7019785,9.0341714,2020,An_M06,Angello2020,Yearly,5.5,0.6,0.06,0.02,1269,409,481,104,2.06,0.53,6.9,0.24,481.8,31.3,16.2,0.21,84.1,12.1,0.4,0.12,984,29.3,,,,,,,,,,,,,,,,,,,,,,,,,,,,,,,,,,,,,,,,,,,
38.7095653,8.9893902,2020,An_M07,Angello2020,Yearly,3.96,1,0.03,0.02,771,344,180.4,104,4.8,0.84,7.5,0.4,514.5,80.7,15.8,0.13,40.6,5.4,0.37,0.06,1046.8,142,,,,,,,,,,,,,,,,,,,,,,,,,,,,,,,,,,,,,,,,,,,
38.7168318,8.9856582,2020,An_M08,Angello2020,Yearly,1.2,0.1,0.01,0.001,1078,403,139.2,10.1,2.9,0.43,6.8,0.06,634.5,117,21.1,0.77,27.6,1.6,1.8,0.43,1286,218,,,,,,,,,,,,,,,,,,,,,,,,,,,,,,,,,,,,,,,,,,,
38.7347465,8.9657244,2020,An_M09,Angello2020,Yearly,3.9,0.2,0.04,0.02,1467,554,284.8,98.8,0.14,0.03,6.9,0.08,677.8,84.2,20.7,1.02,43.8,1.4,0.94,0.33,1380,164,,,,,,,,,,,,,,,,,,,,,,,,,,,,,,,,,,,,,,,,,,,
38.7499287,8.9593517,2020,An_M10,Angello2020,Yearly,4.99,0.7,0.07,0.01,1112,515,161.4,71,0.36,0.02,7.2,0.2,641.5,51.4,19.2,0.42,55.4,13.5,1.33,0.68,1300.3,93.2,,,,,,,,,,,,,,,,,,,,,,,,,,,,,,,,,,,,,,,,,,,
38.7593323,8.9497276,2020,An_M11,Angello2020,Yearly,5.3,0.2,0.03,0.006,988,332,117.1,7.9,0.2,0.1,7.3,0.17,638.2,46.1,19.4,0.7,85,21.6,1.3,0.41,1294.3,79.9,,,,,,,,,,,,,,,,,,,,,,,,,,,,,,,,,,,,,,,,,,,
38.7575119,8.9315445,2020,An_M12,Angello2020,Yearly,6.3,1.7,0.27,0.22,1056,402,129.7,38.9,0.1,0.04,7.6,0.05,665.8,26.8,20.5,0.8,50,8.3,0.95,0.1,1347.5,20.4,,,,,,,,,,,,,,,,,,,,,,,,,,,,,,,,,,,,,,,,,,,
38.7456587,8.9028335,2020,An_M13,Angello2020,Yearly,6.7,1.4,0.084,0,1011,488,117.1,12.9,1.02,0.23,7.6,0.03,685.5,57.4,19.8,0.33,38.8,1.35,0.82,0.22,1387.5,81.9,,,,,,,,,,,,,,,,,,,,,,,,,,,,,,,,,,,,,,,,,,,
38.7468174,8.8811842,2020,An_M14,Angello2020,Yearly,6.63,1.1,0.05,0.02,1076,427,63.3,25.9,0.8,0.4,7.5,0.03,692.5,80.9,21.4,0.21,43.3,3.1,1.05,0.35,1401.5,129,,,,,,,,,,,,,,,,,,,,,,,,,,,,,,,,,,,,,,,,,,,
38.6888041,9.0460601,2020,An_M15,Angello2020,Yearly,0.36,0.1,0.3,0.08,594,290,60.1,10,5.8,0.8,7.6,0.11,224.6,37.3,13.1,0.26,12.5,0.96,0.2,0.09,464.8,52.5,,,,,,,,,,,,,,,,,,,,,,,,,,,,,,,,,,,,,,,,,,,
38.7186742,9.0511731,2020,An_T02,Angello2020,Yearly,2.09,1.9,0.33,0.27,506.8,154,70.8,75.2,5.2,0.72,7.7,0.32,358.3,71.1,18.6,0.91,26.1,15.7,0.27,0.02,749.8,131,,,,,,,,,,,,,,,,,,,,,,,,,,,,,,,,,,,,,,,,,,,
38.7395517,9.0103125,2020,An_T04,Angello2020,Yearly,8.7,6.3,0.08,0.03,1167,280,518,150,0.14,0.04,7.2,0.15,877,138,24,0.83,70.5,23.5,0.17,0.13,1704.7,253,,,,,,,,,,,,,,,,,,,,,,,,,,,,,,,,,,,,,,,,,,,
38.7262647,9.0187057,2020,An_T03,Angello2020,Yearly,14.5,2.9,0.15,0.03,1697,502,520,126,0.14,0.05,7,0.18,821.3,115,20.8,0.93,129,32.4,0.1,0.08,1601.7,212,,,,,,,,,,,,,,,,,,,,,,,,,,,,,,,,,,,,,,,,,,,
38.6879881,9.0561142,2020,An_T07,Angello2020,Yearly,1.37,0.7,0.35,0.46,310.5,187,82.3,50.9,3.54,1.27,7.2,0.25,364.8,41.9,19.1,1.11,30.3,8.5,0.03,0.01,761.7,77.1,,,,,,,,,,,,,,,,,,,,,,,,,,,,,,,,,,,,,,,,,,,
38.7272155,9.0637925,2020,An_T01,Angello2020,Yearly,4.76,2,0.07,0.05,656.5,460,127.7,97.7,1.35,1.11,7.1,0.2,412.8,36.1,16.9,0.95,42.9,16,0.17,0.15,850.1,66.4,,,,,,,,,,,,,,,,,,,,,,,,,,,,,,,,,,,,,,,,,,,
38.7479598,8.958418,2020,An_T05,Angello2020,Yearly,5.2,0.9,0.09,0.04,497.3,222,94.5,104,0.95,0.98,7.4,0.18,496,57.2,23.7,1.49,33.1,3.26,0.16,0.14,1003.2,105,,,,,,,,,,,,,,,,,,,,,,,,,,,,,,,,,,,,,,,,,,,
38.7321607,8.9535713,2020,An_T06,Angello2020,Yearly,4,1.4,0.08,0.01,440.3,150,112.4,78.5,0.22,0.06,7.7,0.21,584.8,51.3,24.8,1.42,96.6,64.6,0.24,0.09,1166.5,94.4,,,,,,,,,,,,,,,,,,,,,,,,,,,,,,,,,,,,,,,,,,,
38.722167,9.0672121,1999,AL_01,Alemayehu2001,"June 1999, before noon",0.13,,,,8,,,,,,6.1,,,,,,,,,,,,86.19,31,3,25,12,57.96,49.5,Nd,55.5,0,,34.1,,44.5,,0,,0,0,,,,,,,,,,,,,,,,,,,,,,,,
38.7468525,8.9879809,1999,Al_02,Alemayehu2002,"June 1999, before noon",3.65,,,,80,,,,,,7.68,,,,,,,,,,,,23.51,76,28,53,26,219.7,109.9,8.3,32.9,5.5,,1230.2,,9.2,,0,,0,0,,,,,,,,,,,,,,,,,,,,,,,,
38.7432898,8.8960751,1999,Al_03,Alemayehu2003,"June 1999, before noon",3.03,,,,24,,,,,,7.51,,,,,,,,,,,,9.66,90,24,50,23,176.7,102.5,0.44,16.23,14.1,,1756.7,,4.8,,0,,2.3,0,,,,,,,,,,,,,,,,,,,,,,,,
38.7820164,9.0658499,1999,Al_04,Alemayehu2004,"June 1999, before noon",Nd,,,,14.4,,,,,,6.08,,,,,,,,,,,,531,15,6,15,5,6.1,8.6,23,27,0,,12.3,,0,,0,,1.24,0,,,,,,,,,,,,,,,,,,,,,,,,
38.778748,9.0500005,1999,Al_05,Alemayehu2005,"June 1999, before noon",Nd,,,,27.2,,,,,,7.22,,,,,,,,,,,,188.14,74,21,67,35,219.7,106,19.7,32.1,0,,6531.6,,0,,0,,0,0,,,,,,,,,,,,,,,,,,,,,,,,
38.777968,9.0023613,1999,Al_06,Alemayehu2006,"June 1999, before noon",2.09,,,,20,,,,,,7.48,,,,,,,,,,,,8.96,28,17,36,15,122.04,32.2,9.26,33.6,0,,1219.01,,0,,0,,0.59,0,,,,,,,,,,,,,,,,,,,,,,,,
38.7574571,9.0232571,1999,AL_09,Alemayehu2007,"June 1999, before noon",3.78,,,,40,,,,,,7.6,,,,,,,,,,,,9.53,44,23,44,23,158.7,40.6,24.11,47.08,0,,1550.8,,0,,81.53,,0.096,0,,,,,,,,,,,,,,,,,,,,,,,,
38.7293566,9.0652102,1999,Al_10,Alemayehu2008,"June 1999, before noon",0.89,,,,17.6,,,,,,6.32,,,,,,,,,,,,184.6,33,8,22,11,30.5,34,6.5,30,0,,128.6,,0,,0,,0,0,,,,,,,,,,,,,,,,,,,,,,,,
38.6890027,9.0549768,2011,Ak_01,Akele2016,November and Dicember 2011,,,,,,,,,,,,,,,,,,,,,,,,,,,,,,,,26.7,0.4,4250,32,38,1,825,4,,52,1,<1,,12,0.1,1070,6,,,,,,,,,,,,,,,,,
38.6910176,9.0439316,2011,Ak_02,Akele2016,November and Dicember 2011,,,,,,,,,,,,,,,,,,,,,,,,,,,,,,,,<1,0,37,40,3.5,0.5,1.5,0.6,,<1,0,<1,,<1,0,5,0.1,,,,,,,,,,,,,,,,,
38.7130481,8.9948727,2011,Ak_03,Akele2016,November and Dicember 2011,,,,,,,,,,,,,,,,,,,,,,,,,,,,,,,,7.3,0.1,1035,11,15,1,438,4,,5.7,0.2,<1,,2.2,0.1,42.8,0.3,,,,,,,,,,,,,,,,,
38.7437541,8.9609785,2011,Ak_04,Akele2016,November and Dicember 2011,,,,,,,,,,,,,,,,,,,,,,,,,,,,,,,,4.9,0.1,915,5,14.1,0.4,217,2,,13.8,0.3,<1,,14.6,0.1,62.2,0.4,,,,,,,,,,,,,,,,,
38.752758,8.9653755,2011,Ak_05,Akele2016,November and Dicember 2011,,,,,,,,,,,,,,,,,,,,,,,,,,,,,,,,2.8,1.2,1040,61,7.1,1.3,76,30,,8.7,1.5,<1,,2.1,0.1,35.2,8.7,,,,,,,,,,,,,,,,,
38.7494993,8.9584584,2011,Ak_06,Akele2016,November and Dicember 2011,,,,,,,,,,,,,,,,,,,,,,,,,,,,,,,,2.5,0.6,1090,21,6.2,1.3,39,7,,2.7,0.1,<1,,2.1,0.5,10.4,1.5,,,,,,,,,,,,,,,,,
38.7587736,8.9405745,2011,Ak_07,Akele2016,November and Dicember 2011,,,,,,,,,,,,,,,,,,,,,,,,,,,,,,,,2.3,0.2,980,26,6.3,0.6,114,14,,8.8,0.5,<1,,2.5,0.2,57,2,,,,,,,,,,,,,,,,,
38.7509459,8.9204792,2011,Ak_08,Akele2016,November and Dicember 2011,,,,,,,,,,,,,,,,,,,,,,,,,,,,,,,,2.1,0.5,1190,37,4.9,0.4,27,5,,4.1,0.1,<1,,2.1,0.1,19,12,,,,,,,,,,,,,,,,,
38.7442253,8.8935566,2011,Ak_09,Akele2016,November and Dicember 2011,,,,,,,,,,,,,,,,,,,,,,,,,,,,,,,,4.5,0.3,1510,36,5.6,0.3,34,3,,4.1,0.6,<1,,2.7,0.1,33,1,,,,,,,,,,,,,,,,,
38.7460621,8.8816422,2011,Ak_10,Akele2016,November and Dicember 2011,,,,,,,,,,,,,,,,,,,,,,,,,,,,,,,,115,1,1670,4,6.7,0.1,85,1,,3.9,0.2,<1,,2.5,0.1,32.8,0.3,,,,,,,,,,,,,,,,,
38.7424405,8.8668096,2011,Ak_11,Akele2016,November and Dicember 2011,,,,,,,,,,,,,,,,,,,,,,,,,,,,,,,,255,3,1850,16,7.2,0.1,66,29,,6.9,1.3,<1,,2.7,0.1,44.5,8,,,,,,,,,,,,,,,,,
,,,Threshold,ESDR2014,,,,,,,,,,,,,,,,,,,,,,,,,,,,,,,,,5,,,,100,,30,,,7,,2.5,,2.5,,7,,,,,,,,,,,,,,,,,,
38.6797041,9.0586852,2002,Me_02,Mekalu2007,November 2002 to January 2003,,,,,12,,_,,3.4,,7.1,,106,,15,,,,,,209,,,,,,,,,,,,,,,,,,,,,,,,,,,,,,,,,,,,,,,,,,,,
38.6802685,9.0577578,2002,Me_03,Mekalu2007,November 2002 to January 2003,,,,,12,,_,,3.2,,8.1,,79,,15,,,,,,156,,,,,,,,,,,,,,,,,,,,,,,,,,,,,,,,,,,,,,,,,,,,
38.6800805,9.0593971,2002,Me_04,Mekalu2007,November 2002 to January 2003,,,,,13,,2.7,,2.3,,8.1,,81,,15.8,,,,,,163,,,,,,,,,,,,,,,,,,,,,,,,,,,,,,,,,,,,,,,,,,,,
38.6868011,9.0510909,2002,Me_05,Mekalu2007,November 2002 to January 2003,,,,,23,,5.8,,2.2,,8.4,,80,,15.7,,,,,,161,,,,,,,,,,,,,,,,,,,,,,,,,,,,,,,,,,,,,,,,,,,,
38.6890136,9.0503503,2002,Me_06,Mekalu2007,November 2002 to January 2003,,,,,76,,15,,2.5,,8.2,,146,,18.7,,,,,,273,,,,,,,,,,,,,,,,,,,,,,,,,,,,,,,,,,,,,,,,,,,,
38.6887415,9.0482813,2002,Me_07,Mekalu2007,November 2002 to January 2003,,,,,360,,138,,1.1,,8.9,,358,,19.7,,,,,,714,,,,,,,,,,,,,,,,,,,,,,,,,,,,,,,,,,,,,,,,,,,,
38.6888354,9.0473628,2002,Me_08,Mekalu2007,November 2002 to January 2003,,,,,280,,86,,0.9,,8.9,,366,,18.8,,,,,,729,,,,,,,,,,,,,,,,,,,,,,,,,,,,,,,,,,,,,,,,,,,,
38.6946887,9.0424699,2002,Me_09,Mekalu2007,November 2002 to January 2003,,,,,266,,80,,1.1,,8.1,,478,,19.7,,,,,,952,,,,,,,,,,,,,,,,,,,,,,,,,,,,,,,,,,,,,,,,,,,,
38.7005889,9.0212564,2002,Me_10,Mekalu2007,November 2002 to January 2003,,,,,46,,_,,1.2,,7.6,,473,,17.9,,,,,,940,,,,,,,,,,,,,,,,,,,,,,,,,,,,,,,,,,,,,,,,,,,,
38.7012999,9.0202979,2002,Me_11,Mekalu2007,November 2002 to January 2003,,,,,29,,8.8,,1.8,,7.7,,525,,18.7,,,,,,1053,,,,,,,,,,,,,,,,,,,,,,,,,,,,,,,,,,,,,,,,,,,,
38.708388,9.0198847,2002,Me_12,Mekalu2007,November 2002 to January 2003,,,,,70,,17,,0.6,,7.9,,440,,17.4,,,,,,883,,,,,,,,,,,,,,,,,,,,,,,,,,,,,,,,,,,,,,,,,,,,
38.7098898,9.0186921,2002,Me_13,Mekalu2007,November 2002 to January 2003,,,,,44,,16,,1.3,,7.8,,557,,17.8,,,,,,1116,,,,,,,,,,,,,,,,,,,,,,,,,,,,,,,,,,,,,,,,,,,,
38.7115467,9.0063507,2002,Me_14,Mekalu2007,November 2002 to January 2003,,,,,49,,7.2,,2.1,,7.9,,487,,19,,,,,,971,,,,,,,,,,,,,,,,,,,,,,,,,,,,,,,,,,,,,,,,,,,,
38.7099676,8.9874189,2002,Me_15,Mekalu2007,November 2002 to January 2003,,,,,30,,9,,1.9,,7.8,,442,,15.3,,,,,,885,,,,,,,,,,,,,,,,,,,,,,,,,,,,,,,,,,,,,,,,,,,,
38.7293476,8.966965,2002,Me_16,Mekalu2007,November 2002 to January 2003,,,,,_,,_,,_,,_,,_,,-,,,,,,_,,,,,,,,,,,,,,,,,,,,,,,,,,,,,,,,,,,,,,,,,,,,
38.7337033,8.9711014,2002,Me_17,Mekalu2007,November 2002 to January 2003,,,,,275,,61,,0.7,,7.9,,456,,17,,,,,,908,,,,,,,,,,,,,,,,,,,,,,,,,,,,,,,,,,,,,,,,,,,,
38.7447411,8.9606987,2002,Me_18,Mekalu2007,November 2002 to January 2003,,,,,263,,91,,0.1,,7.4,,460,,18.8,,,,,,912,,,,,,,,,,,,,,,,,,,,,,,,,,,,,,,,,,,,,,,,,,,,
38.7491528,8.957655,2002,Me_19,Mekalu2007,November 2002 to January 2003,,,,,216,,62,,0.2,,7.6,,439,,19,,,,,,874,,,,,,,,,,,,,,,,,,,,,,,,,,,,,,,,,,,,,,,,,,,,
38.7595297,8.9496174,2002,Me_20,Mekalu2007,November 2002 to January 2003,,,,,94,,40,,1.4,,7.7,,459,,18.8,,,,,,914,,,,,,,,,,,,,,,,,,,,,,,,,,,,,,,,,,,,,,,,,,,,
38.759607,8.9475571,2002,Me_21,Mekalu2007,November 2002 to January 2003,,,,,533,,204,,1.3,,7.6,,491,,19.4,,,,,,979,,,,,,,,,,,,,,,,,,,,,,,,,,,,,,,,,,,,,,,,,,,,
38.7570382,8.9301588,2002,Me_22,Mekalu2007,November 2002 to January 2003,,,,,239,,89,,0.6,,7.6,,577,,21.8,,,,,,1150,,,,,,,,,,,,,,,,,,,,,,,,,,,,,,,,,,,,,,,,,,,,
38.727879,8.8509915,2002,Me_23,Mekalu2007,November 2002 to January 2003,,,,,121,,31,,0.4,,7.8,,488,,20.9,,,,,,972,,,,,,,,,,,,,,,,,,,,,,,,,,,,,,,,,,,,,,,,,,,,
38.6797041,9.0586852,2003,Me_02,Mekalu2007,November 2003 to January 2004,,,,,17,,7.6,,5.2,,8.6,,104,,18.9,,,,,,202,,,,,,,,,,,,,,,,,,,,,,,,,,,,,,,,,,,,,,,,,,,,
38.6802685,9.0577578,2003,Me_03,Mekalu2007,November 2003 to January 2004,,,,,28,,11,,4.8,,8.6,,71,,18.5,,,,,,142,,,,,,,,,,,,,,,,,,,,,,,,,,,,,,,,,,,,,,,,,,,,
38.6800805,9.0593971,2003,Me_04,Mekalu2007,November 2003 to January 2004,,0.06,_,,4,,_,,4.8,,8.6,,73,,18.5,,,,,,147,,2.64,,,22,3.4,87,4.5,10.2,,,,,S4,,,,,,,,,,,,,,_,,,,,,,,,,,,,,,,
38.6868011,9.0510909,2003,Me_05,Mekalu2007,November 2003 to January 2004,,0.05,_,,8,,_,,5.1,,7.9,,85,,14,,,,,,170,,1.85,,,19,7.3,87.8,19.5,4.9,,,,,S5,,,,,,,,,,,,,,0.6,,,,,,,,,,,,,,,,
38.6890136,9.0503503,2003,Me_06,Mekalu2007,November 2003 to January 2004,,0.04,0.12,,27,,11,,1.2,,7.8,,200,,15.2,,,,,,390,,4.29,,,45,16,198,22,_,,,,,S6,,,,,,,,,,,,,,0.4,,,,,,,,,,,,,,,,
38.6887415,9.0482813,2003,Me_07,Mekalu2007,November 2003 to January 2004,,0.85,_,,426,,137,,1.3,,7.8,,396,,16.6,,,,,,785,,_,,,38,8.3,199,88,65.4,,,,,S7,,,,,,,,,,,,,,20.8,,,,,,,,,,,,,,,,
38.6888354,9.0473628,2003,Me_08,Mekalu2007,November 2003 to January 2004,,0.67,_,,280,,85,,0.8,,7.9,,492,,16.5,,,,,,970,,_,,,32,11.7,185,108,65.7,,,,,S8,,,,,,,,,,,,,,20.6,,,,,,,,,,,,,,,,
38.6946887,9.0424699,2003,Me_09,Mekalu2007,November 2003 to January 2004,,0.18,_,,130,,42,,1.5,,7.6,,626,,18.8,,,,,,1225,,_,,,40,14.6,212,129,37.2,,,,,S9,,,,,,,,,,,,,,17.9,,,,,,,,,,,,,,,,
38.7005889,9.0212564,2003,Me_10,Mekalu2007,November 2003 to January 2004,,0.1,0.42,,13,,5,,5.2,,8.1,,161,,12.4,,,,,,318,,5.83,,,37,11.2,154,21.5,_,,,,,S10,,,,,,,,,,,,,,0.8,,,,,,,,,,,,,,,,
38.7012999,9.0202979,2003,Me_11,Mekalu2007,November 2003 to January 2004,,0.14,1.06,,60,,18,,2.4,,7.9,,569,,14.1,,,,,,1143,,9.24,,,48,15.6,198,189,70.8,,,,,S11,,,,,,,,,,,,,,7.1,,,,,,,,,,,,,,,,
38.708388,9.0198847,2003,Me_12,Mekalu2007,November 2003 to January 2004,,4.95,0.15,,69,,22,,1.1,,8,,443,,13.7,,,,,,882,,_,,,63,20.9,381,85,_,,,,,S12,,,,,,,,,,,,,,17.4,,,,,,,,,,,,,,,,
38.7098898,9.0186921,2003,Me_13,Mekalu2007,November 2003 to January 2004,,1.52,1.03,,66,,22,,1.6,,8.2,,533,,14.2,,,,,,1055,,5.86,,,54,16,234,193,56.7,,,,,S13,,,,,,,,,,,,,,9.3,,,,,,,,,,,,,,,,
38.7115467,9.0063507,2003,Me_14,Mekalu2007,November 2003 to January 2004,,1.8,0.3,,37,,13,,3.1,,7.9,,497,,14.1,,,,,,994,,1.72,,,50,17,251,154,63.1,,,,,S14,,,,,,,,,,,,,,9.3,,,,,,,,,,,,,,,,
38.7099676,8.9874189,2003,Me_15,Mekalu2007,November 2003 to January 2004,,1.72,1.22,,52,,16,,2.3,,7.4,,443,,14.5,,,,,,883,,5.72,,,58,16.5,234,156,60.6,,,,,S15,,,,,,,,,,,,,,7.3,,,,,,,,,,,,,,,,
38.7293476,8.966965,2003,Me_16,Mekalu2007,November 2003 to January 2004,,14.8,_,,314,,97,,2.7,,8.3,,479,,13.8,,,,,,938,,_,,,58,28.2,429,159,15.1,,,,,S16,,,,,,,,,,,,,,30,,,,,,,,,,,,,,,,
38.7337033,8.9711014,2003,Me_17,Mekalu2007,November 2003 to January 2004,,5.21,_,,352,,113,,1.4,,7.9,,454,,14.4,,,,,,876,,_,,,64,23.8,332,138,39.1,,,,,S17,,,,,,,,,,,,,,25.1,,,,,,,,,,,,,,,,
38.7447411,8.9606987,2003,Me_18,Mekalu2007,November 2003 to January 2004,,6.05,_,,85,,33,,1.1,,7.6,,439,,16.9,,,,,,873,,_,,,64,31.6,386,125,33.4,,,,,S18,,,,,,,,,,,,,,30.4,,,,,,,,,,,,,,,,
38.7491528,8.957655,2003,Me_19,Mekalu2007,November 2003 to January 2004,,8.62,_,,90,,33,,1.2,,7.8,,426,,17.4,,,,,,849,,_,,,64,36,395,112,28.8,,,,,S19,,,,,,,,,,,,,,24,,,,,,,,,,,,,,,,
38.7595297,8.9496174,2003,Me_20,Mekalu2007,November 2003 to January 2004,,7.32,_,,237,,77,,2.9,,7.9,,459,,16.7,,,,,,915,,_,,,65,26.3,412,115,27.8,,,,,S20,,,,,,,,,,,,,,28.2,,,,,,,,,,,,,,,,
38.759607,8.9475571,2003,Me_21,Mekalu2007,November 2003 to January 2004,,6.45,_,,239,,77,,4.2,,8,,467,,16.9,,,,,,931,,_,,,64,23.3,417,121,25.2,,,,,S21,,,,,,,,,,,,,,19.5,,,,,,,,,,,,,,,,
38.7570382,8.9301588,2003,Me_22,Mekalu2007,November 2003 to January 2004,,9.63,_,,158,,44,,0.01,,7.8,,639,,21.7,,,,,,1269,,_,,,67,19,437,91,22.9,,,,,S22,,,,,,,,,,,,,,34.9,,,,,,,,,,,,,,,,
38.727879,8.8509915,2003,Me_23,Mekalu2007,November 2003 to January 2004,,8.77,_,,128,,43,,0.01,,8,,559,,22.1,,,,,,1116,,_,,,61,17.5,407,87.5,23.3,,,,,S23,,,,,,,,,,,,,,25.5,,,,,,,,,,,,,,,,
38.7391073,8.9593128,2016,Ka_05,Kassegne2018,Aug-16,,,,,,,,,,,,,,,,,,,,,,,,,,,,,,,,,,,,,,,,,,,,,,,,,,2.7,0.16,26.9,1.24,15.2,0.09,579.3,1.19,170.8,5.04,669.6,3.66,26.2,1.18,59.4,0.25
38.74071695,8.866563931,2016,Ka_06,Kassegne2018,Aug-16,,,,,,,,,,,,,,,,,,,,,,,,,,,,,,,,,,,,,,,,,,,,,,,,,,2.1,0.17,43.7,1.66,2.2,0.03,539.1,2.57,256.4,7.33,1319.2,10.51,36.2,1.37,5.2,0.04
38.7391073,8.9593128,2016,Ka_05,Kassegne2018,Jan-17,,,,,,,,,,,,,,,,,,,,,,,,,,,,,,,,,,,,,,,,,,,,,,,,,,2.6,0.15,22.6,0.91,5.3,0.01,415.2,3.35,125.9,2.96,385.1,2.84,19.9,1.84,20.1,0.09
38.74071695,8.866563931,2016,Ka_06,Kassegne2018,Jan-17,,,,,,,,,,,,,,,,,,,,,,,,,,,,,,,,,,,,,,,,,,,,,,,,,,2.5,0.14,22.8,1.38,6.2,0.03,442.5,3.12,133.7,0.17,422.5,1.58,19.9,1.54,31.1,0.05
38.6797041,9.0586852,2002,Me_02,Melaku2004,November 2002 to January 2003,,,,,,,,,,,,,,,,,,,,,,,,,,,,,,,,0.32,-0.01,236,-3,1.35,-0.07,7.67,-0.19,,0.055,-0.001,0.003,-0.001,0.45,-0.02,1.07,-0.05,,,,,,,,,,,,,,,,,
38.6802685,9.0577578,2002,Me_03,Melaku2004,November 2002 to January 2003,,,,,,,,,,,,,,,,,,,,,,,,,,,,,,,,0.32,-0.01,85,-1,1.09,-0.03,7.75,-1.15,,0.059,-0.013,0.009,-0.001,0.23,-0.01,1.1,-0.1,,,,,,,,,,,,,,,,,
38.6800805,9.0593971,2002,Me_04,Melaku2004,November 2002 to January 2003,,,,,,,,,,,,,,,,,,,,,,,,,,,,,,,,0.36,-0.02,88,-2,1.09,-0.06,3.02,-0.19,,0.041,-0.008,0.005,-0.001,0.25,-0.01,1.13,-0.03,,,,,,,,,,,,,,,,,
38.6868011,9.0510909,2002,Me_05,Melaku2004,November 2002 to January 2003,,,,,,,,,,,,,,,,,,,,,,,,,,,,,,,,0.34,-0.01,131,-1,1,-0.1,2.43,-0.01,,0.057,-0.008,0.006,-0.001,0.35,-0.01,1.22,-0.01,,,,,,,,,,,,,,,,,
38.6890136,9.0503503,2002,Me_06,Melaku2004,November 2002 to January 2003,,,,,,,,,,,,,,,,,,,,,,,,,,,,,,,,2.79,-0.02,75,-1,1.08,-0.03,23.63,-0.31,,0.96,-0.03,0.003,-0.001,0.28,-0.01,10.02,-0.11,,,,,,,,,,,,,,,,,
38.6887415,9.0482813,2002,Me_07,Melaku2004,November 2002 to January 2003,,,,,,,,,,,,,,,,,,,,,,,,,,,,,,,,110.9,-0.7,103,-1,1.67,-0.04,22.46,-0.79,,3.36,-0.06,0.024,-0.001,0.58,-0.01,13.34,-0.42,,,,,,,,,,,,,,,,,
38.6888354,9.0473628,2002,Me_08,Melaku2004,November 2002 to January 2003,,,,,,,,,,,,,,,,,,,,,,,,,,,,,,,,104.3,-1.1,138,-2,2.18,-0.11,12.96,-2.02,,0.31,-0.04,0.022,-0.006,0.52,-0.01,4.07,-0.29,,,,,,,,,,,,,,,,,
38.6946887,9.0424699,2002,Me_09,Melaku2004,November 2002 to January 2003,,,,,,,,,,,,,,,,,,,,,,,,,,,,,,,,50.43,-0.71,444,-6,2.14,-0.13,8.49,-0.44,,0.304,-0.076,0.056,-0.007,0.74,-0.02,2.81,-0.07,,,,,,,,,,,,,,,,,
38.7005889,9.0212564,2002,Me_10,Melaku2004,November 2002 to January 2003,,,,,,,,,,,,,,,,,,,,,,,,,,,,,,,,9.63,-0.11,1463,-65,3.14,-0.06,4.5,-0.15,,0.155,-0.022,0.012,-0.001,1.9,-0.01,1.83,-0.11,,,,,,,,,,,,,,,,,
38.7012999,9.0202979,2002,Me_11,Melaku2004,November 2002 to January 2003,,,,,,,,,,,,,,,,,,,,,,,,,,,,,,,,9.97,-0.08,1114,-90,3.08,-0.04,10.95,-0.19,,0.11,-0.01,0.009,-0.001,1.41,-0.01,2.6,-0.11,,,,,,,,,,,,,,,,,
38.708388,9.0198847,2002,Me_12,Melaku2004,November 2002 to January 2003,,,,,,,,,,,,,,,,,,,,,,,,,,,,,,,,0.95,-0.06,1825,-24,4.35,-0.19,28.78,-1.03,,6.22,-0.31,0.01,-0.001,1.94,-0.04,17.09,-0.19,,,,,,,,,,,,,,,,,
38.7098898,9.0186921,2002,Me_13,Melaku2004,November 2002 to January 2003,,,,,,,,,,,,,,,,,,,,,,,,,,,,,,,,7.65,-0.17,955,-16,4.42,-0.1,2.11,-0.28,,0.09,-0.01,0.02,-0.001,1.63,-0.03,2.5,-0.32,,,,,,,,,,,,,,,,,
38.7115467,9.0063507,2002,Me_14,Melaku2004,November 2002 to January 2003,,,,,,,,,,,,,,,,,,,,,,,,,,,,,,,,4.3,-0.06,1224,-12,3.49,-0.05,3.24,-0.08,,0.258,-0.018,0.008,-0.001,1.41,-0.01,2.67,-0.07,,,,,,,,,,,,,,,,,
38.7099676,8.9874189,2002,Me_15,Melaku2004,November 2002 to January 2003,,,,,,,,,,,,,,,,,,,,,,,,,,,,,,,,2.5,-0.08,1236,-11,4.71,-0.3,16.69,-3.06,,1.73,-0.18,0.002,-0.001,1.32,-0.04,8.73,-0.31,,,,,,,,,,,,,,,,,
38.7337033,8.9711014,2002,Me_17,Melaku2004,November 2002 to January 2003,,,,,,,,,,,,,,,,,,,,,,,,,,,,,,,,1.41,-0.06,1101,-42,7.89,-0.13,13.4,-0.97,,2.66,-0.08,0.011,-0.001,4.6,-0.04,7.65,-0.21,,,,,,,,,,,,,,,,,
38.7447411,8.9606987,2002,Me_18,Melaku2004,November 2002 to January 2003,,,,,,,,,,,,,,,,,,,,,,,,,,,,,,,,1.72,-0.07,1727,-17,5.87,-0.1,2.57,-0.08,,0.144,-0.018,0.007,-0.001,2.85,-0.04,1.11,-0.11,,,,,,,,,,,,,,,,,
38.7491528,8.957655,2002,Me_19,Melaku2004,November 2002 to January 2003,,,,,,,,,,,,,,,,,,,,,,,,,,,,,,,,2.06,-0.11,1586,-9,4.36,-0.13,2.34,-0.17,,0.15,-0.01,0.037,-0.004,2.32,-0.03,1.09,-0.04,,,,,,,,,,,,,,,,,
38.7595297,8.9496174,2002,Me_20,Melaku2004,November 2002 to January 2003,,,,,,,,,,,,,,,,,,,,,,,,,,,,,,,,1.48,-0.07,1220,-5,19.48,-0.18,593.82,-1.81,,4.92,-0.39,1.17,-0.065,3.63,-0.06,27.76,-0.14,,,,,,,,,,,,,,,,,
38.759607,8.9475571,2002,Me_21,Melaku2004,November 2002 to January 2003,,,,,,,,,,,,,,,,,,,,,,,,,,,,,,,,2.69,-0.04,1737,-18,8.81,-0.22,8.56,-0.31,,3.28,-0.19,0.021,-0.001,3.71,-0.05,2.63,-0.15,,,,,,,,,,,,,,,,,
38.7570382,8.9301588,2002,Me_22,Melaku2004,November 2002 to January 2003,,,,,,,,,,,,,,,,,,,,,,,,,,,,,,,,11.26,-0.07,1911,-40,7.54,-0.1,2.74,-0.44,,0.235,-0.024,0.017,-0.004,3.38,-0.02,1.69,-0.07,,,,,,,,,,,,,,,,,
38.727879,8.8509915,2002,Me_23,Melaku2004,November 2002 to January 2003,,,,,,,,,,,,,,,,,,,,,,,,,,,,,,,,3.07,-0.08,1250,-38,9.07,-0.11,6.11,-0.23,,0.159,-0.014,0.018,-0.003,4.05,-0.03,3.26,-0.04,,,,,,,,,,,,,,,,,
